dataset,recommender,HR@5,NDCG@5,HR@10,NDCG@10,panel,ndcg.mean (utility),ndcg.min (fairness),ndcg.minmax (balance)
CAMRa2011,EASE+AVG,0.5544827586206896,0.3533290523757749,0.7744827586206896,0.4252618721798333,coupled,,,
CAMRa2011,EASE+GFAR,0.5868965517241379,0.3886943052161828,0.7965517241379311,0.4570077819311271,coupled,,,
CAMRa2011,NCF,0.6317241379310344,0.4175022648961628,0.8103448275862069,0.47530917291215985,coupled,,,
CAMRa2011,AGREE,0.6282758620689655,0.4181870984813624,0.8117241379310345,0.4783228260944304,coupled,,,
CAMRa2011,GroupIM,0.6296551724137931,0.4267893101066386,0.8124137931034483,0.48666609825562224,coupled,,,
CAMRa2011,HyperGroup,0.5627586206896552,0.34806580466428544,0.7889655172413793,0.42174408242898953,coupled,,,
CAMRa2011,ConsRec,0.6262068965517241,0.40264060669924834,0.8124137931034483,0.4634770909382748,coupled,,,
CAMRa2011,AlignGroup,0.5889655172413794,0.38712976029848983,0.7979310344827586,0.45511956678994003,coupled,,,
Mafengwo,EASE+AVG,0.19497487437185929,0.15501979444069583,0.2562814070351759,0.17494906285523298,coupled,,,
Mafengwo,EASE+GFAR,0.4030150753768844,0.2896492728032284,0.6562814070351759,0.3699314715464555,coupled,,,
Mafengwo,NCF,0.6814070351758794,0.5191910381101117,0.8010050251256281,0.5579325523106463,coupled,,,
Mafengwo,AGREE,0.7135678391959799,0.5574625640403017,0.8020100502512563,0.5861084072285544,coupled,,,
Mafengwo,GroupIM,0.6371859296482412,0.5019258585559336,0.7286432160804021,0.5315618081946345,coupled,,,
Mafengwo,HyperGroup,0.7155778894472362,0.5526065858257097,0.8341708542713567,0.591224330479616,coupled,,,
Mafengwo,ConsRec,0.9155778894472362,0.9127860952093955,0.928643216080402,0.9169034988497,coupled,,,
Mafengwo,AlignGroup,0.8623115577889447,0.6759090247272617,0.9869346733668342,0.7170307732003025,coupled,,,
ml-100k,LTP,,,,,decoupled,0.3294855985370572,0.26686443087310946,0.6901516802776931
ml-100k,RLProp,,,,,decoupled,0.3294855985370572,0.26686443087310946,0.6901516802776931
ml-100k,EPFuzzDA,,,,,decoupled,0.3294855985370572,0.26686443087310946,0.6901516802776931
ml-100k,GreedyLM,,,,,decoupled,0.322124830020824,0.2616452223515552,0.6845791670604836
ml-100k,AVG,,,,,decoupled,0.3488255617503188,0.2165721432769954,0.46051072067787235
ml-100k,LMS,,,,,decoupled,0.26977099399213705,0.1925093157484823,0.5518269170391841
ml-100k,GFAR,,,,,decoupled,0.2730044682071553,0.1226902610604199,0.28017136901544115
